Name,Nbre total,mention
MuzeoNum,488,646
_omr,266,593
dasmtweets,250,607
seeksanusername,223,651
blog_Art_Design,175,173
elboscomovie,145,193
museomixidf,121,171
JulieArtGeek,112,85
comcomclaire,75,178
MGeekettes,66,21
MuseumWeekBot,65,0
NicolasLoubet,60,74
SoLavL,60,63
museomix,59,591
mrgx_a,57,35
sebdaniel,57,65
N_Paquet,53,131
M_ArtNinja,43,0
L_ArtNinja,42,0
R_ArtNinja,42,0
BoulevardduXIXe,41,22
gonzagauthier,39,173
meribs,38,36
Julie_DEnfert,37,31
peccadille,37,12
CulturezVous,36,79
D_ArtNinja,36,0
jbwoloch,35,20
cliophile,34,74
Chabadie,31,36
